,path,gt,WER/% match,predicted output
0,20_em_41,9/5,0.0,2 - 3 
1,RIT_2014_29, - 7 ,50.0,- 1 
2,RIT_2014_70, 1 + 1 + 1 + 1 + 1 = 5 ,9.090909090909092,1 5 + 1 + 1 + 1 = 
3,35_em_15,1 \times 1 + 1 \times 2 + 2 \times 2,7.6923076923076925,1 4 + + + 1 + 4 + + 
4,RIT_2014_284, - 39 ,66.66666666666666,+ 3 9 
5,RIT_2014_299, 897 ,100.0,8 9 7 
6,515_em_351,1 = 1(1)(1) ,11.11111111111111,+ = 2 + 7 0 0 4 0 
7,RIT_2014_204, 47474 + 5272 = 52746 ,6.25,4 + 0 4 
8,18_em_21,1011\ 1110\ 1110\ 0101_2,0.0,4 4 4 4 
